,date,previous_30_days_views,previous_year_revenue,previous_7_days_revenue,previous_14_days_revenue,previous_28_days_revenue,previous_70_days_revenue,revenue,target_next_30_days_revenue
0,2017-11-29,12862.0,0.0,8295.27,8295.27,8295.27,8295.27,8114.47,106833.53
1,2017-11-30,12298.0,0.0,16409.74,16409.74,16409.74,16409.74,7475.71,98719.06
2,2017-12-01,12732.0,0.0,23885.45,23885.45,23885.45,23885.45,6198.74,91243.35
3,2017-12-02,12209.75,0.0,30084.190000000002,30084.190000000002,30084.190000000002,30084.190000000002,1127.65,85044.61
4,2017-12-03,10335.4,0.0,31211.84,31211.84,31211.84,31211.84,4837.41,85358.33
5,2017-12-04,9909.5,0.0,36049.25,36049.25,36049.25,36049.25,7556.78,82658.37
6,2017-12-05,10081.142857142857,0.0,43606.03,43606.03,43606.03,43606.03,6099.25,75832.22
7,2017-12-06,10170.5,0.0,41410.009999999995,49705.28,49705.28,49705.28,6544.900000000001,72232.05
8,2017-12-07,10014.333333333334,0.0,39840.44,56250.18,56250.18,56250.18,6321.39,67465.84000000001
9,2017-12-08,9992.2,0.0,38686.12,62571.57,62571.57,62571.57,3729.48,61144.450000000004
10,2017-12-09,9651.454545454546,0.0,36216.86,66301.05,66301.05,66301.05,0.0,59056.74
11,2017-12-10,8847.166666666666,0.0,35089.21,66301.05,66301.05,66301.05,3978.33,65673.03
12,2017-12-11,8721.153846153846,0.0,34230.13,70279.38,70279.38,70279.38,10677.26,64168.280000000006
13,2017-12-12,9115.714285714286,0.0,37350.61,80956.64,80956.64,80956.64,5004.04,57626.98
14,2017-12-13,9099.266666666666,0.0,36255.4,77665.41,85960.68000000001,85960.68000000001,8549.460000000001,58500.77
15,2017-12-14,9262.8125,0.0,38259.96000000001,78100.4,94510.14,94510.14,4710.09,51636.95
16,2017-12-15,9185.176470588236,0.0,36648.66,75334.78,99220.23000000001,99220.23000000001,5921.3,46926.86
17,2017-12-16,9116.388888888889,0.0,38840.48,75057.34,105141.53,105141.53,0.0,43500.47
18,2017-12-17,8636.578947368422,0.0,38840.48,73929.69,105141.53,105141.53,1588.76,48536.8
19,2017-12-18,8384.5,0.0,36450.91,70681.04000000001,106730.29000000001,106730.29000000001,1708.05,51310.460999999996
20,2017-12-19,8125.523809523809,0.0,27481.700000000004,64832.310000000005,108438.34,108438.34,5424.84,52533.191000000006
21,2017-12-20,7903.136363636364,0.0,27902.500000000004,64157.90000000001,113863.18000000001,113863.18000000001,1265.6200000000001,50104.651000000005
22,2017-12-21,7674.173913043478,0.0,20618.66,58878.62,115128.8,115128.8,0.0,52477.661
23,2017-12-22,7354.416666666667,0.0,15908.570000000002,52557.23,115128.8,115128.8,0.0,52477.661
24,2017-12-23,7060.24,0.0,9987.27,48827.75,115128.8,115128.8,0.0,55689.251000000004
25,2017-12-24,6788.692307692308,0.0,9987.27,48827.75,115128.8,115128.8,0.0,60094.141
26,2017-12-25,6537.259259259259,0.0,8398.510000000002,44849.420000000006,115128.8,115128.8,0.0,63735.231
27,2017-12-26,6303.785714285715,0.0,6690.46,34172.16,115128.8,115128.8,0.0,67510.171
28,2017-12-27,6086.413793103448,0.0,1265.6200000000001,29168.120000000003,106833.53,115128.8,0.0,70370.48099999999
29,2017-12-28,5883.533333333334,0.0,0.0,20618.66,98719.06,115128.8,0.0,73388.502
30,2017-12-29,5454.8,0.0,0.0,15908.570000000002,91243.35,115128.8,0.0,73388.502
31,2017-12-30,5063.666666666667,0.0,0.0,9987.27,85044.61,115128.8,0.0,76511.23199999999
32,2017-12-31,4610.333333333333,0.0,0.0,9987.27,83916.96,115128.8,0.0,80113.89299999998
33,2018-01-01,4255.566666666667,0.0,0.0,8398.510000000002,79079.55,115128.8,1441.3700000000001,82726.08299999998
34,2018-01-02,4240.033333333334,0.0,1441.3700000000001,8131.83,72964.14,116570.17,2137.45,84993.50399999999
35,2018-01-03,4127.766666666666,0.0,3578.8199999999997,4844.4400000000005,69002.34000000001,118707.62000000001,730.63,86303.834
36,2018-01-04,3811.4,0.0,4309.45,4309.45,63188.07000000001,119438.25,2499.08,87999.934
37,2018-01-05,3697.233333333333,0.0,6808.53,6808.530000000001,59365.76,121937.33,1778.69,85500.854
38,2018-01-06,3562.5666666666666,0.0,8587.22,8587.220000000001,57414.97,123716.02,0.0,85637.37400000001
39,2018-01-07,3236.133333333333,0.0,8587.22,8587.220000000001,57414.97,123716.02,1641.77,88911.91399999999
40,2018-01-08,3150.4333333333334,0.0,10228.99,10228.99,55078.41,125357.79000000001,6616.29,89624.174
41,2018-01-09,3392.7,0.0,15403.91,16845.28,51017.44,131974.08000000002,2473.58,85403.33399999999
42,2018-01-10,3304.9333333333334,0.0,15740.04,19318.86,48486.98,134447.66,4135.96,85018.474
43,2018-01-11,2992.0666666666666,0.0,19145.370000000003,23454.82,44073.48,138583.62,5877.83,82808.044
44,2018-01-12,2980.2,0.0,22524.12,29332.65,45241.22,144461.45,1685.64,76930.21399999999
45,2018-01-13,2719.133333333333,0.0,22431.07,31018.29,41005.56,146147.09,0.0,77996.05399999999
46,2018-01-14,2454.366666666667,0.0,22431.07,31018.29,41005.56,146147.09,2494.91,80028.625
47,2018-01-15,2352.5666666666666,0.0,23284.21,33513.2,41911.71000000001,148642.0,5036.33,82388.72499999999
48,2018-01-16,2538.8333333333335,0.0,21704.25,37108.16,45239.99,153678.33000000002,4362.421,79966.70499999999
49,2018-01-17,2674.4,0.0,23593.091,39333.130999999994,44177.570999999996,158040.751,2930.78,78721.89399999999
50,2018-01-18,2726.0333333333333,0.0,22387.911000000004,41533.281,45842.731,160971.53100000002,2996.3,80249.504
51,2018-01-19,2837.733333333333,0.0,19506.381,42030.501,48839.031,163967.831,3638.63,77253.20400000001
52,2018-01-20,2991.0,0.0,21459.371000000003,43890.441000000006,52477.661,167606.461,0.0,76298.395
53,2018-01-21,2991.0,0.0,21459.371000000003,43890.441000000006,52477.661,167606.461,3211.59,79043.71500000001
54,2018-01-22,3171.233333333333,0.0,22176.051000000003,45460.261,55689.251000000004,170818.051,4404.89,78595.805
55,2018-01-23,3404.8,0.0,21544.611,43248.861,60094.141,175222.941,3641.09,77646.066
56,2018-01-24,3642.8,0.0,20823.280000000002,44416.37100000001,63735.231,178864.03100000002,3774.94,77681.476
57,2018-01-25,3853.8333333333335,0.0,21667.44,44055.350999999995,67510.171,182638.971,2860.31,76492.45700000001
58,2018-01-26,4083.633333333333,0.0,21531.45,41037.831000000006,70370.481,185499.28100000002,3018.021,73632.14700000001
59,2018-01-27,4259.8,0.0,20910.841,42370.21200000001,73388.50200000001,188517.302,0.0,73644.94600000001
60,2018-01-28,4259.8,0.0,20910.841,42370.21200000001,73388.50200000001,188517.302,3122.73,76399.926
61,2018-01-29,4481.333333333333,0.0,20821.981,42998.032,76511.232,191640.032,3602.661,77186.93600000002
62,2018-01-30,4668.366666666667,0.0,20019.752,41564.363,78672.523,195242.693,2612.19,77703.74500000001
63,2018-01-31,4872.166666666667,0.0,18990.852,39814.132,79147.26299999999,197854.883,3708.791,79562.49500000001
64,2018-02-01,4988.5,0.0,18924.703,40592.143,82125.424,201563.674,3447.78,71382.76400000001
65,2018-02-02,5074.666666666667,0.0,19512.173000000003,41043.62300000001,83074.12400000001,205011.454,2426.73,72405.924
66,2018-02-03,5172.866666666667,0.0,18920.882,39831.723,83722.164,207438.184,0.0,73085.52399999999
67,2018-02-04,4927.166666666667,0.0,18920.882,39831.723,83722.164,207438.184,1915.21,73085.524
68,2018-02-05,4881.566666666667,0.0,17713.362,38535.343,83995.60399999999,209353.394,3274.54,75307.534
69,2018-02-06,5078.133333333333,0.0,17385.241,37404.993,80653.854,212627.934,2354.03,77357.584
70,2018-02-07,5167.2,0.0,17127.081,36117.933,80534.304,206686.69400000002,2395.45,78099.734
71,2018-02-08,5013.933333333333,0.0,15813.740000000002,34738.443,78793.794,200967.67400000003,2088.7200000000003,79552.80399999999
72,2018-02-09,5003.833333333333,0.0,14454.68,33966.853,75004.68400000001,195580.684,1925.53,80790.68400000001
73,2018-02-10,4962.533333333334,0.0,13953.480000000001,32874.362,75244.57400000001,191307.47400000002,0.0,81260.364
74,2018-02-11,4678.766666666666,0.0,13953.480000000001,32874.362,75244.57400000001,190179.82400000002,2751.48,81260.36400000002
75,2018-02-12,4746.0,0.0,14789.75,32503.112,75501.144,188093.894,2032.5710000000001,79942.13400000002
76,2018-02-13,4941.0,0.0,13547.781,30933.022,72497.38500000001,182569.685,4855.01,82433.65400000001
77,2018-02-14,5029.766666666666,0.0,16048.761,33175.842000000004,72989.974,181325.445,2614.31,80798.914
78,2018-02-15,5041.966666666666,0.0,16267.621000000001,32081.361,72673.504,177394.855,3117.61,81219.244
79,2018-02-16,5034.633333333333,0.0,17296.511,31751.191,72794.814,174191.075,4458.39,81907.714
80,2018-02-17,5038.266666666666,0.0,19829.371,33782.851,73614.574,174919.98500000002,0.0,80906.274
81,2018-02-18,4818.8,0.0,19829.371,33782.851,73614.574,174919.98500000002,2683.821,80906.274
82,2018-02-19,4709.4,0.0,19761.712,34551.462,73086.805,173625.476,2745.32,81240.123
83,2018-02-20,4933.266666666666,0.0,20474.461,34022.242,71427.235,165693.536,2763.68,82163.573
84,2018-02-21,4938.6,0.0,18383.131,34431.892,70549.825,163453.176,3455.151,82646.05300000001
85,2018-02-22,4905.666666666667,0.0,19223.972,35491.593,70230.03600000001,158358.867,3676.5,82739.822
86,2018-02-23,4930.8,0.0,19782.862,37079.373,71046.22600000001,157325.277,2585.921,83357.97200000001
87,2018-02-24,4851.5,0.0,17910.393,37739.764,70614.12599999999,153989.89800000002,0.0,84185.321
88,2018-02-25,4621.7,0.0,17910.393,37739.764,70614.12599999999,153989.89800000002,3030.82,84185.321
89,2018-02-26,4609.4,0.0,18257.392,38019.104,70522.216,155431.95799999998,2754.98,85077.981
90,2018-02-27,4800.166666666667,0.0,18267.052,38741.513,69674.535,156478.888,3909.7400000000002,87044.341
91,2018-02-28,4790.033333333334,0.0,19413.112,37796.243,70972.085,154963.788,4119.47,87801.381
92,2018-03-01,4826.821428571428,0.0,20077.431,39301.403000000006,71382.76400000001,157817.63799999998,4470.94,92586.11099999999
93,2018-03-02,4943.785714285715,0.0,20871.871,40654.733,72405.924,162288.57799999998,3106.33,88115.17100000002
94,2018-03-03,4986.321428571428,0.0,21392.28,39302.673,73085.524,165394.908,0.0,85008.841
95,2018-03-04,4986.321428571428,0.0,21392.28,39302.673,73085.524,165394.908,4137.22,85008.841
96,2018-03-05,5132.464285714285,0.0,22498.68,40756.072,75307.534,169532.128,5324.59,83518.581
97,2018-03-06,5195.464285714285,0.0,25068.29,43335.342,77357.584,174856.718,3096.18,81661.74100000001
98,2018-03-07,5185.821428571428,0.0,24254.730000000003,43667.842,78099.734,177952.898,3848.52,83454.541
99,2018-03-08,5350.642857142857,0.0,23983.78,44061.211,79552.804,181801.41799999998,3326.6,81673.361
100,2018-03-09,5400.928571428572,0.0,22839.44,43711.311,80790.684,185128.01799999998,2395.21,78346.761
101,2018-03-10,5440.964285714285,0.0,22128.32,43520.6,81260.364,187523.228,0.0,78424.291
102,2018-03-11,5440.964285714285,0.0,22128.32,43520.6,81260.364,187523.228,1433.25,80904.42199999999
103,2018-03-12,5323.107142857143,0.0,19424.35,41923.03,79942.134,188956.478,4524.091,82582.662
104,2018-03-13,5328.321428571428,0.0,18623.851,43692.141,82433.654,192039.199,3220.27,80533.681
105,2018-03-14,5267.678571428572,0.0,18747.941,43002.670999999995,80798.914,193122.019,3034.64,80004.41100000001
106,2018-03-15,5288.107142857143,0.0,17934.061,41917.841,81219.244,195426.029,3806.08,78744.49100000001
107,2018-03-16,5317.607142857143,0.0,18413.540999999997,41252.981,81907.714,196733.02899999998,3456.9500000000003,74938.411
108,2018-03-17,5377.642857142857,0.0,19475.281,41603.601,80906.274,198411.289,0.0,75056.381
109,2018-03-18,5377.642857142857,0.0,19475.281,41603.601,80906.274,198411.289,3017.67,83738.03099999999
110,2018-03-19,5453.285714285715,0.0,21059.701,40484.051,81240.123,199787.18899999998,3668.77,84492.521
111,2018-03-20,5469.892857142857,0.0,20204.38,38828.231,82163.573,196839.669,3246.16,83931.11099999999
112,2018-03-21,5471.75,0.0,20230.27,38978.211,82646.053,197612.249,3548.92,84232.28099999999
113,2018-03-22,5529.892857142857,0.0,20744.55,38678.611,82739.822,197025.209,4294.65,83322.40099999998
114,2018-03-23,5563.535714285715,0.0,21233.120000000003,39646.661,83357.972,195442.02899999998,3413.27,79027.75099999999
115,2018-03-24,5661.714285714285,0.0,21189.440000000002,40664.721,84185.32100000001,197169.659,0.0,78790.25099999999
116,2018-03-25,5661.714285714285,0.0,21189.440000000002,40664.721,84185.32100000001,197169.659,3923.48,83564.83099999999
117,2018-03-26,5779.607142857143,0.0,22095.25,43154.951,85077.981,198598.229,4721.34,83610.661
118,2018-03-27,5864.5,0.0,23147.82,43352.2,87044.341,198283.239,4666.78,82995.311
119,2018-03-28,5942.607142857143,0.0,24568.44,44798.71000000001,87801.381,198587.59800000003,4737.43,83331.59199999999
120,2018-03-29,5892.071428571428,0.0,25756.95,46501.5,88419.341,200394.248,4166.77,81446.43200000002
121,2018-03-30,5817.5,0.0,25629.07,46862.19,88115.171,201564.718,0.0,77279.66200000001
122,2018-03-31,5611.892857142857,0.0,22215.8,43405.24,85008.84100000001,197926.088,0.0,79209.952
123,2018-04-01,5429.666666666667,0.0,22215.8,43405.24,85008.84100000001,197926.088,0.0,79209.952
124,2018-04-02,5237.766666666666,0.0,18292.32,40387.57,80871.62100000001,194714.498,0.0,82959.33200000001
125,2018-04-03,5237.766666666666,0.0,13570.98,36718.8,75547.03099999999,190309.608,2646.96,87172.942
126,2018-04-04,5145.366666666667,0.0,11551.16,36119.6,75097.811,189315.478,3467.75,89435.762
127,2018-04-05,5103.3,0.0,10281.48,36038.43,74717.041,189008.28800000003,4888.9800000000005,88876.09199999999
128,2018-04-06,5212.233333333334,0.0,11003.69,36632.76,76279.421,191036.95799999998,2067.34,83987.11200000001
129,2018-04-07,5125.633333333333,0.0,13071.03,35286.83,75951.551,190086.277,0.0,86151.592
130,2018-04-08,4936.266666666666,0.0,13071.03,35286.83,75951.551,190086.277,2472.7400000000002,90336.72200000001
131,2018-04-09,4959.3,0.0,15543.77,33836.090000000004,76991.041,189436.287,2480.131,91768.192
132,2018-04-10,5148.6,0.0,18023.901,31594.881,74947.081,188313.757,3111.4900000000002,92352.601
133,2018-04-11,5256.033333333334,0.0,18488.431,30039.591,74838.30099999999,188813.057,2475.11,92838.921
134,2018-04-12,5269.333333333333,0.0,17495.791,27777.271,74278.771,187579.37600000002,2691.0,92965.32100000001
135,2018-04-13,5296.1,0.0,15297.811000000002,26301.501,73163.69099999999,186822.59600000002,1774.72,90274.32100000001
136,2018-04-14,5245.666666666667,0.0,15005.191,28076.221,71481.461,186170.586,0.0,92150.28099999999
137,2018-04-15,4970.066666666667,0.0,15005.191,28076.221,71481.461,186170.586,3574.92,95649.64099999999
138,2018-04-16,4955.066666666667,0.0,16107.371000000001,31651.141000000003,72038.711,187830.296,8681.65,96013.101
139,2018-04-17,5301.9,0.0,22308.89,40332.791,77051.591,193237.406,3772.16,90423.791
140,2018-04-18,5336.333333333333,0.0,22969.559999999998,41457.991,77577.59100000001,194655.536,3107.36,90684.551
141,2018-04-19,5338.366666666667,0.0,23601.809999999998,41097.601,77136.03099999999,195367.446,3547.33,91343.05099999999
142,2018-04-20,5425.766666666666,0.0,24458.14,39755.951,76388.711,196826.056,2639.04,87795.721
143,2018-04-21,5366.7,0.0,25322.460000000003,40327.651000000005,75614.481,197539.566,0.0,88464.02100000001
144,2018-04-22,5072.166666666667,0.0,25322.460000000003,40327.651000000005,75614.481,197539.566,3175.77,91746.621
145,2018-04-23,5032.0,0.0,24923.309999999998,41030.681,74866.77100000001,197963.856,4774.58,92117.00099999999
146,2018-04-24,5305.333333333333,0.0,21016.239999999998,43325.130000000005,74920.011,200705.86500000002,3969.31,91778.56099999999
147,2018-04-25,5346.533333333334,0.0,21213.39,44182.95,74222.54100000001,199820.165,4105.99,92562.761
148,2018-04-26,5406.533333333334,0.0,22212.019999999997,45813.829999999994,73591.101,201311.845,5003.061,91641.58099999999
149,2018-04-27,5455.3,0.0,23667.751,48125.890999999996,74427.392,203197.29599999997,2852.27,86638.51999999999
150,2018-04-28,5389.933333333333,0.0,23880.981,49203.441,77279.662,201591.176,0.0,85678.75999999998
151,2018-04-29,5117.133333333333,0.0,23880.981,49203.441,77279.66200000001,201591.176,1930.29,85678.76
152,2018-04-30,5248.0,0.0,22635.501,47558.810999999994,79209.952,200837.64500000002,0.0,86656.81
153,2018-05-01,5248.0,0.0,17860.921000000002,38877.16099999999,79209.95199999999,198092.325,3749.38,89096.9
154,2018-05-02,5465.333333333333,0.0,17640.990999999998,38854.381,80312.372,199078.025,4213.61,89394.4
155,2018-05-03,5685.833333333333,0.0,17748.610999999997,39960.630999999994,81058.232,199836.484,4909.78,88811.84999999999
156,2018-05-04,5923.433333333333,0.0,17655.329999999998,41323.081,81079.032,201069.764,2908.08,83902.07
157,2018-05-05,5974.633333333333,0.0,17711.14,41592.12099999999,81919.772,201391.92299999998,0.0,86051.31
158,2018-05-06,5663.2,0.0,17711.14,41592.12099999999,81919.772,201391.92299999998,4231.82,92096.31999999999
159,2018-05-07,5763.0,0.0,20012.67,42648.170999999995,83678.852,202592.923,4185.13,92942.05000000002
160,2018-05-08,6012.466666666666,0.0,24197.8,42058.721,85383.851,204023.073,3904.21,91946.71
161,2018-05-09,6123.566666666667,0.0,24352.629999999997,41993.621,86176.571,204017.543,3064.54,90809.73999999999
162,2018-05-10,6143.533333333334,0.0,23203.559999999998,40952.171,86766.001,202962.613,3597.81,91691.69000000002
163,2018-05-11,6166.6,0.0,21891.59,39546.92,87672.811,202089.483,2601.51,88093.88
164,2018-05-12,6081.066666666667,0.0,21585.02,39296.16,88499.601,201584.663,0.0,88873.5
165,2018-05-13,5859.033333333334,0.0,21585.02,39296.16,88499.601,201584.663,3650.68,92898.18000000001
166,2018-05-14,5869.0,0.0,21003.88,41016.55,88575.361,201098.123,3499.36,92899.58
167,2018-05-15,6087.933333333333,0.0,20318.11,44515.91,83393.071,199272.89299999998,3938.38,93682.76
168,2018-05-16,6092.2,0.0,20352.280000000002,44704.909999999996,83559.291,200115.093,3092.34,93835.01999999999
169,2018-05-17,5924.233333333334,0.0,20380.08,43583.64000000001,83544.27100000001,199358.913,4032.92,92972.28
170,2018-05-18,5963.566666666667,0.0,20815.19,42706.78,84029.861,200065.233,3765.86,88939.36
171,2018-05-19,5899.833333333333,0.0,21979.54,43564.560000000005,85156.681,201435.88299999997,0.0,86395.02
172,2018-05-20,5625.133333333333,0.0,21979.54,43564.560000000005,85156.681,201435.88299999997,3307.34,90659.44
173,2018-05-21,5649.7,0.0,21636.2,42640.08,85288.25099999999,203309.973,3282.6,90072.97000000002
174,2018-05-22,5931.866666666667,0.0,21419.44,41737.549999999996,83796.27100000001,202068.482,3546.15,89761.09
175,2018-05-23,5981.333333333333,0.0,21027.21,41379.49,83373.11099999999,202394.36200000002,4436.14,90219.35
176,2018-05-24,5989.166666666667,0.0,22371.01,42751.09,83703.261,203795.862,4753.51,88977.48000000001
177,2018-05-25,5997.233333333334,0.0,23091.600000000002,43906.79,83453.71,204743.29200000002,3184.81,84223.97
178,2018-05-26,5854.333333333333,0.0,22510.55,44490.09,83786.25,204471.152,0.0,84235.6
179,2018-05-27,5521.266666666666,0.0,22510.55,44490.09,83786.25,204471.152,1892.51,88723.82
180,2018-05-28,5431.233333333334,0.0,21095.72,42731.92,83748.47,203345.99200000003,0.0,90875.28000000001
181,2018-05-29,5431.233333333334,0.0,17813.120000000003,39232.56,83748.47,199677.222,2908.34,95582.76000000001
182,2018-05-30,5466.5,0.0,17175.31,38202.520000000004,82907.43,199339.402,2440.09,97030.36
183,2018-05-31,5581.333333333333,0.0,15179.260000000002,37550.27,81133.91,198230.57200000001,4046.88,96941.21
184,2018-06-01,5621.066666666667,0.0,14472.63,37564.229999999996,80271.01,197982.80200000003,3631.06,92894.33
185,2018-06-02,5540.433333333333,0.0,14918.88,37429.43,80993.98999999999,198200.592,0.0,90861.91
186,2018-06-03,5146.933333333333,0.0,14918.88,37429.43,80993.98999999999,198200.592,5057.32,95527.84
187,2018-06-04,5181.4,0.0,18083.69,39179.41,81819.49,199334.432,6045.01,93282.40000000002
188,2018-06-05,5535.866666666667,0.0,24128.699999999997,41941.82000000001,83679.37,200658.10199999998,5077.55,91510.94000000002
189,2018-06-06,5531.566666666667,0.0,26297.91,43473.22,84852.71,201068.872,3189.79,89351.01
190,2018-06-07,5532.8,0.0,27047.61,42226.87,84977.95999999999,199521.232,2767.2400000000002,88448.38000000002
191,2018-06-08,5420.9,0.0,25767.97,40240.6,84147.39,198121.70200000002,3946.4900000000002,85681.14
192,2018-06-09,5483.7,0.0,26083.4,41002.280000000006,85492.37000000001,202068.192,0.0,83366.74
193,2018-06-10,5266.5,0.0,26083.4,41002.280000000006,85492.37000000001,202068.192,3381.13,86195.79000000001
194,2018-06-11,5343.766666666666,0.0,24407.21,42490.9,85222.82,205449.32200000001,4024.68,85764.96999999999
195,2018-06-12,5581.133333333333,0.0,22386.879999999997,46515.58,85748.14,209474.002,3652.08,85285.11
196,2018-06-13,5659.6,0.0,20961.41,47259.32,85461.84,210479.12199999997,4282.54,84926.21
197,2018-06-14,5729.766666666666,0.0,22054.160000000003,49101.770000000004,86652.04,211293.91199999998,4090.64,83505.75
198,2018-06-15,5808.9,0.0,23377.56,49145.53,86709.76,210495.57200000001,2229.6,79415.11
199,2018-06-16,5791.466666666666,0.0,21660.67,47744.07,85173.5,210657.832,0.0,79033.18000000001
200,2018-06-17,5515.333333333333,0.0,21660.67,47744.07,85173.5,210657.832,1221.52,82463.93999999999
201,2018-06-18,5399.2,0.0,19501.06,43908.27,83087.68000000001,209406.612,4264.42,84238.59999999998
202,2018-06-19,5655.833333333333,0.0,19740.8,42127.67999999999,84069.5,211190.90099999998,2720.87,83049.10999999999
203,2018-06-20,5589.133333333333,0.0,18809.59,39771.0,83244.22,210800.28100000002,2970.72,84313.21999999997
204,2018-06-21,5505.6,0.0,17497.77,39551.93,81778.8,211295.89099999997,4004.41,83537.73999999999
205,2018-06-22,5496.466666666666,0.0,17411.54,40789.1,81029.7,212609.30099999998,3194.27,79533.32999999999
206,2018-06-23,5383.133333333333,0.0,18376.21,40036.88,81039.15999999999,214028.851,0.0,79028.68
207,2018-06-24,5059.966666666666,0.0,18376.21,40036.88,81039.15999999999,214028.851,3196.44,82509.67
208,2018-06-25,5030.0,0.0,20351.13,39852.19,82343.09,213650.371,4488.22,81652.86
209,2018-06-26,5358.033333333334,0.0,20574.93,40315.729999999996,86831.31,209456.94100000002,4043.9700000000003,80294.14000000001
210,2018-06-27,5541.666666666667,0.0,21898.030000000002,40707.619999999995,87966.94,209728.75100000002,4707.4800000000005,80773.33000000002
211,2018-06-28,5859.266666666666,0.0,23634.79,41132.560000000005,90234.32999999999,211328.87099999998,4355.9400000000005,77750.96
212,2018-06-29,6027.433333333333,0.0,23986.32,41397.86,90543.39,212137.481,2350.94,73395.02
213,2018-06-30,6105.566666666667,0.0,23142.99,41519.2,89263.27,211849.381,0.0,72924.98999999999
214,2018-07-01,5848.5,0.0,23142.99,41519.2,89263.27,211849.381,1598.64,75716.99
215,2018-07-02,5779.466666666666,0.0,21545.190000000002,41896.32000000001,85804.59,210272.25100000002,4665.93,77773.61
216,2018-07-03,6114.933333333333,0.0,21722.9,42297.83,84425.51000000001,210163.601,2811.88,76517.81999999999
217,2018-07-04,5985.933333333333,0.0,20490.81,42388.840000000004,82159.84,209006.171,4273.55,76562.18
218,2018-07-05,5879.066666666667,0.0,20056.88,43691.67,83243.59999999999,209173.731,2917.62,73612.11
219,2018-07-06,5853.133333333333,0.0,18618.56,42604.880000000005,83393.98000000001,207088.28999999998,2287.16,70694.49
220,2018-07-07,5738.233333333334,0.0,18554.78,41697.770000000004,81734.65,206523.18,0.0,70414.89
221,2018-07-08,5557.966666666666,0.0,18554.78,41697.770000000004,81734.65,206523.18,1632.09,72142.7
222,2018-07-09,5359.066666666667,0.0,18588.23,40133.42,79985.61,206224.97999999998,2829.05,75134.3
223,2018-07-10,5527.166666666667,0.0,16751.35,38474.25,78789.98,209054.03,2950.31,74876.62
224,2018-07-11,5482.233333333334,0.0,16889.78,37380.590000000004,78088.21,208254.96000000002,3544.82,76145.26
225,2018-07-12,5463.833333333333,0.0,16161.05,36217.93,77350.49,207586.17,3293.18,76480.9
226,2018-07-13,5476.1,0.0,16536.61,35155.17,76553.03000000001,205969.57,2862.08,73187.72000000002
227,2018-07-14,5395.066666666667,0.0,17111.530000000002,35666.310000000005,77185.51,205923.57,0.0,72674.05000000002
228,2018-07-15,5117.166666666667,0.0,17111.530000000002,35666.310000000005,77185.51,205923.57,1847.67,75139.64000000001
229,2018-07-16,5092.7,0.0,17327.11,35915.34,77811.66,203539.42,3430.76,75529.49
230,2018-07-17,5343.8,0.0,17928.82,34680.17,76978.0,202785.05,2996.18,76061.06
231,2018-07-18,5483.8,0.0,17974.690000000002,34864.47,77253.31,201877.02000000002,3074.93,76379.65000000001
232,2018-07-19,5435.866666666667,0.0,17504.8,33665.85,77357.52,201887.41,3984.98,76323.72
233,2018-07-20,5502.533333333334,0.0,18196.6,34733.21,77338.09,202274.58000000002,2195.2400000000002,72338.73999999999
234,2018-07-21,5488.766666666666,0.0,17529.760000000002,34641.29,76339.06000000001,201868.31,0.0,73170.31
235,2018-07-22,5265.233333333334,0.0,17529.760000000002,34641.29,76339.06000000001,201868.31,2689.62,75683.96
236,2018-07-23,5308.133333333333,0.0,18371.71,35698.82,75832.24,200907.25,3480.9900000000002,75456.19
237,2018-07-24,5563.0,0.0,18421.940000000002,36350.76,74825.01000000001,200888.88,2339.63,75724.76
238,2018-07-25,5591.833333333333,0.0,17765.39,35740.079999999994,73120.67,199290.13,3129.5,77569.84000000001
239,2018-07-26,5511.4,0.0,17819.96,35324.76,71542.69,199327.29,4523.16,77199.84
240,2018-07-27,5475.466666666666,0.0,18358.14,36554.74,71709.91,199817.53,1685.1100000000001,72676.68000000001
241,2018-07-28,5289.366666666667,0.0,17848.010000000002,35377.77,71044.08,197736.78000000003,0.0,72775.85999999999
242,2018-07-29,4955.066666666667,0.0,17848.010000000002,35377.77,71044.08,197736.78000000003,1880.91,72775.86
243,2018-07-30,4876.7,0.0,17039.3,35411.01,71326.35,196310.34999999998,2792.0,75368.08
244,2018-07-31,5070.633333333333,0.0,16350.310000000001,34772.25,69452.42,195819.75,3655.26,75098.40000000001
245,2018-08-01,5211.366666666667,0.0,17665.94,35431.33,70295.8,195928.86,3410.14,75219.31
246,2018-08-02,5097.2,0.0,17946.579999999998,35766.54,69432.39,194902.86000000002,2856.2400000000002,74259.37
247,2018-08-03,5152.6,0.0,16279.66,34637.8,69371.01,193005.59,1323.48,71403.12999999999
248,2018-08-04,5016.7,0.0,15918.03,33766.04,68407.33,191144.26,0.0,71963.82999999999
249,2018-08-05,4790.9,0.0,15918.03,33766.04,68407.33,191144.26,2007.56,75909.38999999998
250,2018-08-06,4785.7,0.0,16044.68,33083.98,68782.79999999999,191259.31,1727.81,76572.59999999999
251,2018-08-07,4968.833333333333,0.0,14980.490000000002,31330.8,67681.56000000001,192987.12,4623.69,77483.67
252,2018-08-08,5118.666666666667,0.0,15948.919999999998,33614.86,69354.94,194702.47,2571.37,76639.16
253,2018-08-09,5090.166666666667,0.0,15110.149999999998,33056.729999999996,68381.48999999999,194833.75,4218.95,76491.54
254,2018-08-10,5203.666666666667,0.0,16472.86,32752.519999999997,69307.26,195005.81999999998,3880.46,72272.58999999998
255,2018-08-11,5213.133333333333,0.0,19029.84,34947.869999999995,70325.64,195255.22,0.0,71302.01
256,2018-08-12,4945.333333333333,0.0,19029.84,34947.869999999995,70325.64,195255.22,2348.41,76038.06999999999
257,2018-08-13,4927.6,0.0,19370.69,35415.37,70826.38,192546.31000000003,2465.59,76550.13
258,2018-08-14,5103.166666666667,0.0,20108.47,35088.96,69861.21,188966.89,2237.52,77094.15000000001
259,2018-08-15,5151.4,0.0,17722.3,33671.22,69102.55,186126.86,3962.33,78507.481
260,2018-08-16,5157.566666666667,0.0,19113.260000000002,34223.41,69989.95000000001,186899.40000000002,3314.77,77264.79099999998
261,2018-08-17,5212.166666666667,0.0,18209.08,34681.94,69319.73999999999,187446.93,3019.0,73950.021
262,2018-08-18,5230.866666666667,0.0,17347.620000000003,36377.45999999999,70143.5,186519.44,0.0,75084.001
263,2018-08-19,5010.5,0.0,17347.620000000003,36377.45999999999,70143.5,186519.44,3026.81,79365.23099999999
264,2018-08-20,5078.966666666666,0.0,18026.02,37396.71,70480.68999999999,186165.12,2513.65,81843.551
265,2018-08-21,5305.233333333334,0.0,18074.08,38182.55,69513.35,184654.09,2461.85,82782.531
266,2018-08-22,5327.133333333333,0.0,18298.41,36020.71,69635.56999999999,183463.86000000002,3749.56,84766.14100000002
267,2018-08-23,5357.6,0.0,18085.64,37198.9,70255.63,182930.88,4184.71,84599.15100000003
268,2018-08-24,5447.066666666667,0.0,18955.58,37164.659999999996,69917.18,183024.94999999998,2759.5,80414.44100000002
269,2018-08-25,5351.733333333334,0.0,18696.08,36043.7,70991.56999999999,183554.85,0.0,80923.89100000002
270,2018-08-26,5105.366666666667,0.0,18696.08,36043.7,70991.56999999999,183554.85,1784.29,86369.03100000002
271,2018-08-27,5118.633333333333,0.0,17453.56,35479.58,70894.95000000001,184117.62,0.0,91602.54100000001
272,2018-08-28,5118.633333333333,0.0,14939.91,33013.99,68102.95000000001,179853.2,4473.13,96022.97100000002
273,2018-08-29,5252.233333333334,0.0,16951.190000000002,35249.6,68920.81999999999,181605.46,2522.32,96618.09100000001
274,2018-08-30,5214.9,0.0,15723.949999999999,33809.590000000004,68033.0,181157.06000000003,3776.17,97989.891
275,2018-08-31,5295.633333333333,0.0,15315.41,34270.99,68952.93,180928.82,2450.2,94213.72099999999
276,2018-09-01,5237.6,0.0,15006.11,33702.19,70079.65000000001,180184.75,0.0,97021.79100000001
277,2018-09-02,5012.233333333334,0.0,15006.11,33702.19,70079.65000000001,180184.75,1884.18,101882.35100000001
278,2018-09-03,5035.233333333334,0.0,15106.0,32559.559999999998,69956.27,178872.49,3945.56,105959.06099999999
279,2018-09-04,5265.333333333333,0.0,19051.559999999998,33991.47,72174.01999999999,178329.83,2670.77,104770.601
280,2018-09-05,5328.333333333333,0.0,17249.2,34200.39,70221.1,176956.62999999998,2638.88,110593.031
281,2018-09-06,5340.533333333334,0.0,17365.760000000002,33089.71,70288.61,174888.03,3779.18,112837.001
282,2018-09-07,5413.0,0.0,17368.77,32684.18,69848.84,174311.27000000002,2423.75,109057.821
283,2018-09-08,5438.433333333333,0.0,17342.32,32348.43,68392.13,174384.08000000002,0.0,110968.00099999999
284,2018-09-09,5164.966666666666,0.0,17342.32,32348.43,68392.13,174384.08000000002,2909.88,116688.78100000002
285,2018-09-10,5125.233333333334,0.0,18368.02,33474.020000000004,68953.6,175695.31999999998,4736.06,119608.26100000001
286,2018-09-11,5404.3,0.0,19158.52,38210.08,71224.07,175765.45,2860.47,119699.08100000002
287,2018-09-12,5427.4,0.0,19348.22,36597.42,71847.02,175814.03999999998,3009.61,121425.021
288,2018-09-13,5520.9,0.0,19718.949999999997,37084.71,70894.3,174550.1,3650.851,124105.60100000001
289,2018-09-14,5625.866666666667,0.0,19590.621,36959.390999999996,71230.381,175283.331,2719.64,120454.75000000001
290,2018-09-15,5567.666666666667,0.0,19886.511,37228.831000000006,70931.021,175715.81100000002,0.0,123601.80000000002
291,2018-09-16,5311.533333333334,0.0,19886.511,37228.831000000006,70931.021,175715.81100000002,4152.9800000000005,130647.15000000002
292,2018-09-17,5353.266666666666,0.0,21129.611,39497.631,72057.191,178236.701,4281.2300000000005,131853.63
293,2018-09-18,5658.7,0.0,20674.781,39833.301,73824.77100000001,179688.881,5505.13,133296.45
294,2018-09-19,5883.0,0.0,23319.441000000003,42667.661,76868.051,182243.701,3452.63,133044.64
295,2018-09-20,5920.4,0.0,23762.461000000003,43481.41100000001,76571.121,182151.511,4445.46,135256.08000000002
296,2018-09-21,6068.666666666667,0.0,24557.070000000003,44147.691000000006,76831.871,183303.791,3582.57,130810.62000000002
297,2018-09-22,6070.033333333334,0.0,25420.0,45306.511000000006,77654.94099999999,184024.28100000002,0.0,132424.93000000002
298,2018-09-23,5794.6,0.0,25420.0,45306.511000000006,77654.94099999999,184024.28100000002,3268.9500000000003,136695.79
299,2018-09-24,5881.933333333333,0.0,24535.97,45665.581,79139.60100000001,185445.561,5445.14,139290.66
300,2018-09-25,6316.8,0.0,25699.88,46374.661,84584.74100000001,187459.94100000002,7017.8,138404.34000000003
301,2018-09-26,6656.0,0.0,27212.55,50531.991,87129.411,191481.561,4420.43,135701.22
302,2018-09-27,7026.766666666666,0.0,28180.35,51942.811,89027.52100000001,192827.061,5068.25,136070.7
303,2018-09-28,7207.9,0.0,28803.14,53360.21000000001,90319.60100000001,193910.33099999998,3894.12,131002.45000000001
304,2018-09-29,7334.633333333333,0.0,29114.690000000002,54534.69,91763.521,195609.211,0.0,133058.80000000002
305,2018-09-30,7042.333333333333,0.0,29114.690000000002,54534.69,91763.521,195609.211,5258.27,138810.56
306,2018-10-01,7272.666666666667,0.0,31104.010000000002,55639.98,95137.611,198177.861,4860.56,139233.53
307,2018-10-02,7668.266666666666,0.0,30519.43,56219.31,96052.611,199557.431,5960.89,139331.44
308,2018-10-03,8035.0,0.0,29462.520000000004,56675.07000000001,99342.731,203178.69100000002,2757.1,142310.47
309,2018-10-04,8084.7,0.0,27799.190000000002,55979.54,99460.951,202806.291,8493.2,144697.58000000002
310,2018-10-05,8437.066666666668,0.0,31224.140000000003,60027.28,104174.971,206776.331,4882.85,136204.38
311,2018-10-06,8586.066666666668,0.0,32212.870000000003,61327.56,106634.07100000001,209974.071,0.0,137505.0
312,2018-10-07,8290.6,0.0,32212.870000000003,61327.56,106634.07100000001,209974.071,4333.93,144104.071
313,2018-10-08,8386.6,0.0,31288.53,62392.54000000001,108058.121,212427.09100000001,5720.78,146583.81100000002
314,2018-10-09,8811.066666666668,0.0,32148.750000000004,62668.18000000001,109042.841,215355.871,5829.36,149337.51100000003
315,2018-10-10,9044.4,0.0,32017.22,61479.740000000005,112011.731,217529.97100000002,4826.88,151625.53100000002
316,2018-10-11,9147.0,0.0,34087.0,61886.19,113829.001,218946.71099999998,4586.41,154692.721
317,2018-10-12,9333.533333333333,0.0,30180.21,61404.35,114764.56000000001,220676.881,5690.1900000000005,150106.31100000002
318,2018-10-13,9448.8,0.0,30987.550000000003,63200.42,117735.11000000002,225043.591,0.0,151054.10100000002
319,2018-10-14,9158.633333333333,0.0,30987.550000000003,63200.42,117735.11000000002,225043.591,5866.6900000000005,160724.00100000002
320,2018-10-15,9342.5,0.0,32520.31,63808.840000000004,119448.81999999999,228902.721,7045.35,162683.931
321,2018-10-16,9718.066666666668,0.0,33844.88,65993.63,122212.94,234220.261,5359.46,162875.502
322,2018-10-17,9810.1,0.0,33374.979999999996,65392.200000000004,122067.27,234956.031,5724.05,164561.03199999998
323,2018-10-18,9883.566666666668,0.0,34272.15,68359.15,124338.69,238108.711,5253.32,164807.75199999998
324,2018-10-19,9756.5,0.0,34939.060000000005,65119.270000000004,125146.55,239143.081,5664.07,159554.43199999997
325,2018-10-20,9800.0,0.0,34912.94,65900.48999999999,127228.05,240926.691,0.0,160974.12199999997
326,2018-10-21,9419.1,0.0,34912.94,65900.48999999999,127228.05,240926.691,5196.88,169381.042
327,2018-10-22,9454.5,0.0,34243.130000000005,66763.44,129155.98,243775.161,4270.86,173390.07200000001
328,2018-10-23,9742.366666666667,0.0,31468.64,65313.52,127981.7,245580.431,5863.82,177464.31200000003
329,2018-10-24,9932.2,0.0,31973.0,65347.98,126827.72000000002,249206.731,4558.82,179846.45200000002
330,2018-10-25,9801.633333333333,0.0,30807.77,65079.92,126966.11,249803.221,4314.68,182004.61200000005
331,2018-10-26,9558.833333333334,0.0,29869.13,64808.19,126212.54000000001,250803.131,4789.91,177689.93200000003
332,2018-10-27,9521.933333333332,0.0,28994.97,63907.91,127108.33,252574.041,0.0,179034.55200000003
333,2018-10-28,9092.6,0.0,28994.97,63907.91,127108.33,252574.041,5950.47,188984.44200000004
334,2018-10-29,9165.8,0.0,29748.559999999998,63991.69,127800.53,255497.701,5751.76,188977.962
335,2018-10-30,9443.133333333333,8295.27,31229.46,62698.1,128691.73000000001,258735.81100000002,5681.24,191844.06199999998
336,2018-10-31,9411.5,16409.74,31046.879999999997,63019.880000000005,128412.08,261955.201,4958.47,191367.62199999997
337,2018-11-01,9343.6,23885.45,31446.53,62254.299999999996,130613.45,263164.11100000003,8939.92,192832.26199999993
338,2018-11-02,9385.8,30084.190000000002,36071.770000000004,65940.9,131060.17,267919.321,5144.21,183892.34199999995
339,2018-11-03,9431.266666666666,31211.840000000004,36426.07,65421.04,131321.53,270304.031,0.0,185112.22199999998
340,2018-11-04,8885.3,36049.25,36426.07,65421.04,131321.53,270304.031,6183.47,196108.042
341,2018-11-05,8952.666666666666,43606.03,36659.07,66407.63,133171.07,274703.21099999995,6599.071,199055.612
342,2018-11-06,9340.2,49705.28,37506.381,68735.841,134049.361,281302.282,6813.67,199190.75100000002
343,2018-11-07,9536.733333333334,56250.18,38638.811,69685.691,135033.671,283642.82200000004,8474.48,200686.241
344,2018-11-08,9597.233333333334,62571.57,42154.821,73601.351,138681.271,289594.982,8117.38,199838.621
345,2018-11-09,9666.133333333333,66301.05,41332.280999999995,77404.05099999999,142212.241,293936.192,7894.07,191721.241
346,2018-11-10,9692.566666666668,66301.05,44082.140999999996,80508.21100000001,144416.12099999998,299380.06200000003,0.0,187178.461
347,2018-11-11,9292.6,70279.38,44082.140999999996,80508.21100000001,144416.12099999998,299380.06200000003,6637.9800000000005,193281.911
348,2018-11-12,9236.366666666667,80956.64,44536.651000000005,81195.721,145187.411,304133.86199999996,9669.9,191836.431
349,2018-11-13,9713.8,85960.68,47607.479999999996,85113.86099999999,147811.96099999998,309858.202,7826.62,185375.631
350,2018-11-14,9895.266666666666,94510.14000000001,48620.43,87259.24100000001,150279.12099999998,315014.052,7236.921,181657.65100000004
351,2018-11-15,9939.266666666666,99220.23000000001,47382.871,89537.692,151791.992,319612.093,7044.99,183658.76000000004
352,2018-11-16,9995.633333333333,105141.53000000001,46310.481,87642.762,153583.662,322877.90300000005,5970.77,176613.77000000002
353,2018-11-17,10004.266666666666,105141.53000000001,44387.181000000004,88469.322,153890.362,326424.923,0.0,171805.85
354,2018-11-18,9653.7,106730.29000000001,44387.181000000004,88469.322,153890.362,326424.923,7083.76,176448.19
355,2018-11-19,9773.166666666666,108438.34000000001,44832.960999999996,89369.612,155777.242,330598.803,8406.92,174440.82000000004
356,2018-11-20,10176.633333333333,113863.18000000001,43569.981,91177.461,159913.302,334269.663,9205.91,166640.19
357,2018-11-21,10378.5,115128.8,44949.271,93569.701,163255.392,340615.103,8345.1,159809.67
358,2018-11-22,10517.833333333334,115128.8,46057.45,93440.32100000001,167041.672,345950.593,8245.960000000001,151464.57000000004
359,2018-11-23,10624.133333333333,115128.8,47258.42,93568.901,170972.952,350545.702,6716.9800000000005,143218.61000000004
360,2018-11-24,10705.1,115128.8,48004.63,92391.811,172900.022,354543.042,0.0,136501.63000000003
361,2018-11-25,10463.933333333332,115128.8,48004.63,92391.811,172900.022,354543.042,6134.53,136501.63
362,2018-11-26,10427.3,115128.8,47055.4,91888.361,173084.082,356524.592,9949.89,130367.1
363,2018-11-27,10962.633333333333,115128.8,48598.369999999995,92168.35100000001,177282.212,362193.252,5943.99,120417.20999999999
364,2018-11-28,11037.666666666666,115128.8,45336.45,90285.72099999999,177544.962,362632.112,8617.86,114473.22
365,2018-11-29,11250.7,106833.53,45609.21000000001,91666.66,181204.35199999998,367797.342,5204.8,105855.36
366,2018-11-30,11342.7,98719.06,42568.049999999996,89826.47,177469.23200000002,368556.68200000003,6423.11,100650.56000000001
367,2018-12-01,11334.8,91243.35,42274.18,90278.81,178748.132,371397.222,0.0,94227.45
368,2018-12-02,10791.166666666666,85044.61,42274.18,90278.81,178748.132,371397.222,6364.09,94227.45
369,2018-12-03,10848.7,85358.33,42503.740000000005,89559.14,178928.752,374492.362,10995.82,90722.28
370,2018-12-04,11337.966666666667,82658.37,43549.67,92148.04000000001,183325.501,380043.042,9131.04,83754.48000000001
371,2018-12-05,11305.833333333334,75832.22,46736.72,92073.17,185642.871,382156.282,6734.21,79022.47
372,2018-12-06,11391.133333333333,72232.05,44853.07,90462.28,183902.601,384470.06200000003,8309.16,76204.59
373,2018-12-07,11347.966666666667,67465.84000000001,47957.43,90525.48000000001,184094.381,387710.972,7626.86,67895.43
374,2018-12-08,11192.4,61144.450000000004,49161.18,91435.35999999999,183827.171,391443.712,0.0,62937.49
375,2018-12-09,10701.466666666667,59056.74,49161.18,91435.35999999999,183827.171,391443.712,3351.29,67774.31
376,2018-12-10,10466.133333333333,65673.03,46148.38,88652.12,180540.481,389536.732,6103.45,67877.58
377,2018-12-11,10767.833333333334,64168.280000000006,41256.009999999995,84805.68,176974.03100000002,390779.62200000003,5192.5,66115.72
378,2018-12-12,10745.0,57626.98,37317.47,84054.19,174339.91100000002,390011.232,3209.1,64449.75
379,2018-12-13,10498.366666666667,58500.77,33792.36,78645.43000000001,170312.09,390463.232,4108.64,65077.45999999999
380,2018-12-14,10280.866666666667,51636.95,29591.84,77549.27,167375.74,386078.672,9238.03,60968.81999999999
381,2018-12-15,10160.1,46926.86,31203.010000000002,80364.19,170643.0,390433.852,0.0,53157.579999999994
382,2018-12-16,9742.566666666668,43500.47,31203.010000000002,80364.19,170643.0,390433.852,1162.85,59503.34999999999
383,2018-12-17,9426.966666666667,48536.8,29014.57,75162.95,164722.09,387262.772,4642.34,62226.66999999999
384,2018-12-18,9627.166666666666,51310.460999999996,27553.460000000003,68809.47,160957.51,386184.332,5076.39,60831.63999999999
385,2018-12-19,9345.966666666667,52533.191000000006,27437.350000000002,64754.82000000001,156827.99,385431.362,606.29,59317.48999999999
386,2018-12-20,8993.766666666666,50104.651000000005,24834.54,58626.899999999994,149089.18,381210.772,2375.39,62707.859999999986
387,2018-12-21,8597.233333333334,52477.661,23101.29,52693.130000000005,143218.61000000002,378999.752,0.0,60332.46999999999
388,2018-12-22,8170.033333333334,52477.661,13863.26,45066.270000000004,136501.63,373309.562,0.0,62356.29
389,2018-12-23,7634.3,55689.251000000004,13863.26,45066.270000000004,136501.63,373309.562,0.0,66262.94999999998
390,2018-12-24,7249.033333333334,60094.141,12700.41,41714.98,130367.09999999999,367442.872,0.0,70255.16
391,2018-12-25,7249.033333333334,63735.231,8058.07,35611.530000000006,120417.20999999999,360397.522,0.0,73319.94
392,2018-12-26,6951.8,67510.171,2981.68,30419.030000000002,114473.22,355038.062,0.0,77295.07
393,2018-12-27,6416.466666666666,70370.48099999999,2375.39,27209.93,105855.36,349314.012,0.0,79878.15000000001
394,2018-12-28,5984.9,73388.502,0.0,23101.29,100650.56,344060.692,0.0,79878.15000000001
395,2018-12-29,5494.533333333334,73388.502,0.0,13863.26,94227.45,338396.622,0.0,81821.48000000001
396,2018-12-30,5040.566666666667,76511.23199999999,0.0,13863.26,94227.45,338396.622,0.0,85558.71
397,2018-12-31,4720.766666666666,80113.89299999998,0.0,12700.41,87863.36,333199.74199999997,0.0,89440.36
398,2019-01-01,4720.766666666666,82726.08299999998,0.0,8058.07,76867.54,328928.882,2858.92,92969.96999999999
399,2019-01-02,4500.833333333333,84993.50399999999,2858.92,5840.6,70595.42,325923.98199999996,4028.02,92656.59999999999
400,2019-01-03,4250.2,86303.834,6886.9400000000005,9262.33,67889.23,325393.182,4399.03,91959.52999999998
401,2019-01-04,4153.433333333333,87999.934,11285.97,11285.970000000001,63979.1,325477.532,3916.33,87560.49999999999
402,2019-01-05,3987.5,85500.854,15202.3,15202.3,60268.57,324603.952,0.0,84334.07999999999
403,2019-01-06,3573.1,85637.37400000001,15202.3,15202.3,60268.57,324603.952,2668.92,87537.1
404,2019-01-07,3410.6,88911.91399999999,17871.22,17871.22,59586.2,321322.402,4836.82,88124.32
405,2019-01-08,3673.9,89624.174,22708.04,22708.04,58319.57,320407.462,3454.56,85694.01000000001
406,2019-01-09,3730.8,85403.33399999999,23303.68,26162.6,56581.630000000005,318180.78199999995,4341.59,84101.19
407,2019-01-10,3658.4666666666667,85018.474,23617.25,30504.190000000002,57714.12,317563.902,3526.53,82213.04000000001
408,2019-01-11,3556.4666666666667,82808.044,22744.75,34030.72,57132.009999999995,312150.51200000005,3836.81,78686.51000000001
409,2019-01-12,3574.0,76930.21399999999,22665.23,37867.53,51730.79,310843.112,0.0,76351.18000000001
410,2019-01-13,3227.1,77996.05399999999,22665.23,37867.53,51730.79,310843.112,1426.79,78984.65000000001
411,2019-01-14,3001.5,80028.625,21423.1,39294.32,51994.73,306086.43200000003,6345.7699999999995,80853.08000000002
412,2019-01-15,3316.8333333333335,82388.72499999999,22932.049999999996,45640.09,53698.159999999996,305833.13100000005,3886.17,77412.13
413,2019-01-16,3398.266666666667,79966.70499999999,23363.66,46667.340000000004,52507.939999999995,302905.631,3247.31,78086.11
414,2019-01-17,3424.9666666666667,78721.89399999999,22269.38,45886.63,55148.96,297678.461,3562.24,76736.0
415,2019-01-18,3485.4666666666667,80249.504,22305.09,45049.84,56335.81,293123.321,3996.66,73173.76
416,2019-01-19,3664.866666666667,77253.20400000001,22464.94,45130.17,60332.469999999994,289225.911,0.0,71241.18
417,2019-01-20,3537.4333333333334,76298.395,22464.94,45130.17,60332.469999999994,289225.911,2023.82,74471.45
418,2019-01-21,3643.366666666667,79043.71500000001,23061.969999999998,44485.07,62356.28999999999,284611.751,3906.66,76214.24
419,2019-01-22,3849.4,78595.805,20622.859999999997,43554.909999999996,66262.95,278848.511,3992.21,76645.27
420,2019-01-23,4111.1,77646.066,20728.9,44092.56,70255.16,275014.101,3064.78,75885.79
421,2019-01-24,4310.5,77681.476,20546.37,42815.75,73319.94,270841.96,3975.13,75315.25
422,2019-01-25,4567.266666666666,76492.45700000001,20959.260000000002,43264.35,77295.06999999999,267772.1,2583.08,71340.12
423,2019-01-26,4732.766666666666,73632.14700000001,19545.68,42010.62,79878.15,264384.41000000003,0.0,70681.75000000001
424,2019-01-27,4732.766666666666,73644.94600000001,19545.68,42010.62,79878.15,264384.41000000003,1943.33,74943.35000000002
425,2019-01-28,4822.733333333334,76399.926,19465.190000000002,42527.16,81821.48,259243.98,3737.23,76493.52000000002
426,2019-01-29,5042.866666666667,77186.93600000002,19295.760000000002,39918.619999999995,85558.70999999999,254574.28999999998,3881.65,75017.94
427,2019-01-30,5276.133333333333,77703.74500000001,19185.2,39914.1,86581.44,249250.03000000003,3529.61,74469.95999999998
428,2019-01-31,5471.0,79562.49500000001,19650.03,40196.4,86083.03,244434.54,2545.55,73283.57
429,2019-02-01,5467.9,71382.76400000001,18220.45,39179.71000000001,84229.54999999999,238734.13,3330.95,68394.8
430,2019-02-02,5401.766666666666,72405.924,18968.32,38514.0,83644.17,235348.1,0.0,67407.06999999999
431,2019-02-03,5118.966666666666,73085.52399999999,18968.32,38514.0,83644.17,235348.1,689.91,67407.06999999999
432,2019-02-04,4845.133333333333,73085.524,17714.899999999998,37180.09,81665.15999999999,229903.48,3203.02,68775.54000000001
433,2019-02-05,5015.4,75307.534,17180.69,36476.450000000004,80031.36,223156.61,3256.14,70801.95000000001
434,2019-02-06,5013.2,77357.584,16555.18,35740.38,79832.94,220468.76,2406.5099999999998,71223.20999999999
435,2019-02-07,4873.366666666667,78099.734,15432.079999999998,35082.11,77897.86,214257.41,1861.74,72031.06
436,2019-02-08,4771.9,79552.80399999999,14748.269999999999,32968.72,76233.06999999999,210914.35,2453.44,72918.23
437,2019-02-09,4678.6,80790.68400000001,13870.76,32839.08,74849.7,206944.68,0.0,72932.61
438,2019-02-10,4475.333333333333,81260.364,13870.759999999998,32839.08,74849.7,206944.68,1501.48,72932.61000000002
439,2019-02-11,4292.266666666666,81260.36400000002,14682.329999999998,32397.23,74924.39,202082.06999999998,2633.47,72575.42
440,2019-02-12,4472.433333333333,79942.13400000002,14112.779999999999,31293.47,71212.09,193719.72,3295.22,72515.33
441,2019-02-13,4620.733333333334,82433.65400000001,14151.86,30707.039999999997,70621.14,187883.9,2904.82,72732.26
442,2019-02-14,4539.2,80798.914,14650.17,30082.25,70278.65000000001,184054.51,4560.15,71922.93000000001
443,2019-02-15,4634.4,81219.244,17348.58,32096.85,71276.56,180305.5,1897.2,72145.39
444,2019-02-16,4559.966666666666,81907.714,16792.34,30663.1,69177.09999999999,174575.84,0.0,73614.51000000001
445,2019-02-17,4354.033333333334,80906.274,16792.34,30663.1,69177.09999999999,174575.84,2064.08,73614.51
446,2019-02-18,4221.133333333333,80906.274,17354.94,32037.269999999997,69217.36,173288.63,3230.27,74925.48000000001
447,2019-02-19,4457.0,81240.123,17951.739999999998,32064.519999999997,68540.97,170415.45,3766.61,73910.27
448,2019-02-20,4595.033333333334,82163.573,18423.129999999997,32574.989999999998,68315.37,168989.56,4337.69,76063.36
449,2019-02-21,4617.066666666667,82646.05300000001,19856.0,34506.17,69588.28,170118.15,3232.73,74753.2
450,2019-02-22,4594.866666666667,82739.822,18528.579999999998,35877.159999999996,68845.87999999999,169242.24000000002,2494.2400000000002,74924.66
451,2019-02-23,4605.233333333334,83357.97200000001,19125.62,35917.96000000001,68757.04,162498.45,0.0,75550.79
452,2019-02-24,4348.466666666666,84185.321,19125.62,35917.96000000001,68757.04,162498.45,1924.71,75550.79
453,2019-02-25,4283.3,84185.321,18986.25,36341.19,68738.42,163260.31,4261.6,75264.81
454,2019-02-26,4500.866666666667,85077.981,20017.58,37969.32,69262.79,162879.57,3493.5,74631.81999999999
455,2019-02-27,4642.766666666666,87044.341,19744.47,38167.6,68874.64,161296.68,2261.65,76184.12999999999
456,2019-02-28,4597.566666666667,87801.381,17668.43,37524.43,67606.68000000001,162952.03999999998,3333.67,77323.48
457,2019-03-01,4534.678571428572,92586.11099999999,17769.37,36297.95,68394.8,163910.32,2343.22,81675.2
458,2019-03-02,4553.107142857143,88115.17100000002,17618.35,36743.97,67407.07,166253.54,0.0,80708.45
459,2019-03-03,4553.107142857143,85008.841,17618.35,36743.97,67407.07,166253.54,2058.38,84815.06999999999
460,2019-03-04,4625.607142857143,85008.841,17752.02,36738.27,68775.54,168311.92,5229.43,85309.34999999999
461,2019-03-05,4687.428571428572,83518.581,18719.85,38737.43,70801.95,173541.35,3677.4,82779.03
462,2019-03-06,4785.25,81661.74100000001,18903.75,38648.22,71223.20999999999,177218.75,3214.36,82323.30999999998
463,2019-03-07,4870.25,83454.541,19856.460000000003,37524.89,72031.06,180433.11000000002,2748.91,82431.21999999999
464,2019-03-08,4957.25,81673.361,19271.7,37041.07,72918.23,183182.02,2467.82,79682.31
465,2019-03-09,4986.428571428572,78346.761,19396.300000000003,37014.65,72932.61,185649.84,0.0,79258.13999999998
466,2019-03-10,4986.428571428572,78424.291,19396.300000000003,37014.649999999994,72932.60999999999,185649.84,1144.29,81876.82999999999
467,2019-03-11,4980.928571428572,80904.42199999999,18482.210000000003,36234.229999999996,72575.42,186794.13,2573.38,83182.12999999999
468,2019-03-12,4973.964285714285,82582.662,15826.160000000002,34546.01,72515.33,189367.51,3512.15,82719.69
469,2019-03-13,4953.857142857143,80533.681,15660.91,34564.66,72732.26,190020.74,2095.4900000000002,82718.91
470,2019-03-14,4870.535714285715,80004.41100000001,14542.039999999999,34398.5,71922.93000000001,188088.21,4782.61,84769.721
471,2019-03-15,4900.607142857143,78744.49100000001,16575.74,35847.44,72145.39,188471.79,3366.32,79987.111
472,2019-03-16,4961.285714285715,74938.411,17474.24,36870.54,73614.51,187921.78,0.0,78701.451
473,2019-03-17,4961.285714285715,75056.381,17474.24,36870.54,73614.51,187921.78,3375.05,86636.59100000001
474,2019-03-18,5100.071428571428,83738.03099999999,19705.0,38187.21,74925.48,188627.91,2215.06,87571.09100000001
475,2019-03-19,5048.714285714285,84492.521,19346.68,35172.840000000004,73910.27,186006.15,5919.7,87708.17100000002
476,2019-03-20,5085.928571428572,83931.11099999999,21754.23,37415.14,76063.36,188471.29,3027.53,86322.091
477,2019-03-21,5069.678571428572,84232.28099999999,22686.27,37228.31,74753.2,187157.23,3404.19,83294.561
478,2019-03-22,5087.642857142857,83322.40099999998,21307.850000000002,37883.590000000004,74924.66,187034.89,3120.37,79890.371
479,2019-03-23,5072.107142857143,79027.75099999999,21061.899999999998,38536.14000000001,75550.79000000001,186318.45,0.0,76770.00099999999
480,2019-03-24,5072.107142857143,78790.25099999999,21061.899999999998,38536.14000000001,75550.79000000001,186318.45,1638.73,76770.001
481,2019-03-25,5062.964285714285,83564.83099999999,19325.579999999998,39030.58,75264.81,186530.38999999998,3628.61,80048.08099999999
482,2019-03-26,5100.285714285715,83610.661,20739.129999999997,40085.81,74631.82,183813.23,5045.81,79178.241
483,2019-03-27,5182.642857142857,82995.311,19865.24,41619.47,76184.13,184972.87,3401.0,76639.151
484,2019-03-28,5277.892857142857,83331.59199999999,20238.71,42924.979999999996,77323.48,185126.56,4720.9,73238.151
485,2019-03-29,5311.535714285715,81446.43200000002,21555.42,42863.27,78710.70999999999,186285.22,2964.4900000000002,68517.251
486,2019-03-30,5341.214285714285,77279.66200000001,21399.54,42461.44,79331.98,185253.05000000002,0.0,66518.76099999998
487,2019-03-31,5341.214285714285,79209.952,21399.54,42461.44,79331.98,185253.05000000002,1376.47,66518.761
488,2019-04-01,5063.2,79209.952,21137.280000000002,40462.86,78650.07,184605.69999999998,4106.62,68708.111
489,2019-04-02,5300.166666666667,82959.33200000001,21615.29,42354.42,77527.26,184805.66,2552.66,67336.601
490,2019-04-03,5397.633333333333,87172.942,19122.14,38987.380000000005,76402.52,183366.11,2699.11,69129.481
491,2019-04-04,5328.133333333333,89435.762,18420.25,38658.96,75887.27,183000.44,3221.68,71303.871
492,2019-04-05,5275.0,88876.09199999999,16921.03,38476.45,76360.04,182246.99,3322.27,68082.19099999999
493,2019-04-06,5326.133333333333,83987.11200000001,17278.81,38678.35,77214.49,182986.18000000002,0.0,68188.77100000001
494,2019-04-07,5116.733333333334,86151.592,17278.81,38678.35,77214.49,182986.18000000002,2043.65,72514.25099999999
495,2019-04-08,5070.8,90336.72200000001,17945.989999999998,39083.270000000004,78113.85,183086.5,2618.69,77621.80099999999
496,2019-04-09,5322.0,91768.192,16458.06,38073.35,78159.15999999999,181967.96000000002,2449.59,79180.75099999999
497,2019-04-10,5492.066666666667,92352.601,16354.99,35477.13,77096.6,180535.9,2110.94,81024.11099999999
498,2019-04-11,5530.1,92838.921,15766.82,34187.07,77112.04999999999,179117.23,3511.37,82387.75099999999
499,2019-04-12,5627.233333333334,92965.32100000001,16056.509999999998,32977.54,75840.81,180083.05,4146.301,78876.381
500,2019-04-13,5663.4,90274.32100000001,16880.541,34159.351,76620.791,180898.401,0.0,76616.49
501,2019-04-14,5386.766666666666,92150.28099999999,16880.541,34159.351,76620.791,180898.401,2080.66,80585.67
502,2019-04-15,5333.966666666666,95649.64099999999,16917.551,34863.541,75326.401,182289.151,7935.14,83285.65999999999
503,2019-04-16,5653.5,96013.101,22234.001,38692.061,81046.481,187021.271,4309.55,78694.01
504,2019-04-17,5688.033333333334,90423.791,24093.961000000003,40448.951,79436.331,188074.68099999998,2352.14,79329.40999999999
505,2019-04-18,5713.166666666667,90684.551,24335.161,40101.98100000001,78760.941,188020.311,4533.62,79497.69
506,2019-04-19,5711.7,91343.05099999999,25357.411,41413.921,79890.371,190692.191,0.0,74964.06999999999
507,2019-04-20,5498.8,87795.721,21211.11,38091.651,76770.00099999999,188238.751,0.0,78377.47
508,2019-04-21,5242.533333333334,88464.02100000001,21211.11,38091.651,76770.00099999999,188238.751,0.0,82238.81999999999
509,2019-04-22,5047.266666666666,91746.621,19130.45,36048.001,75131.271,186737.271,0.0,86673.71
510,2019-04-23,5047.266666666666,92117.00099999999,11195.310000000001,33429.311,71502.661,184103.801,4916.81,89641.45999999999
511,2019-04-24,5213.033333333334,91778.56099999999,11802.57,35896.531,71373.66100000001,185725.391,2758.77,87192.8
512,2019-04-25,5178.466666666666,92562.761,12209.2,36544.361,70731.431,185579.34100000001,2506.7200000000003,87787.98999999999
513,2019-04-26,5095.666666666667,91641.58099999999,10182.300000000001,35539.711,68517.251,183525.91100000002,0.0,85281.27000000002
514,2019-04-27,4831.833333333333,86638.51999999999,10182.300000000001,31393.410000000003,65552.761,181628.711,0.0,86649.66999999998
515,2019-04-28,4577.733333333334,85678.75999999998,10182.300000000001,31393.410000000003,65552.761,181628.711,966.0,86649.67
516,2019-04-29,4437.2,85678.76,11148.300000000001,30278.75,65142.291,180530.63100000002,0.0,88864.3
517,2019-04-30,4437.2,86656.81,11148.300000000001,22343.61,61035.671,177300.361,3565.82,92483.74
518,2019-05-01,4582.6,89096.9,9797.310000000001,21599.88,62048.831000000006,177099.571,2735.11,93059.97
519,2019-05-02,4561.866666666667,89394.4,9773.65,21982.850000000002,62084.831,175496.991,4345.54,92478.14
520,2019-05-03,4654.8,88811.84999999999,11612.470000000001,21794.770000000004,63208.691,176609.801,4873.5,88132.6
521,2019-05-04,4800.266666666666,83902.07,16485.97,26668.270000000004,64759.921,178989.06100000002,0.0,86605.43000000001
522,2019-05-05,4597.4,86051.31,16485.97,26668.270000000004,64759.921,178989.06100000002,3428.85,89622.16
523,2019-05-06,4573.633333333333,92096.31999999999,18948.82,30097.120000000003,66145.121,180493.201,4325.48,90465.37
524,2019-05-07,4846.8,92942.05000000002,23274.300000000003,34422.600000000006,67851.911,180557.081,7151.2,92307.93999999999
525,2019-05-08,5060.533333333334,91946.71,26859.68,36656.99,72553.52100000001,184214.78100000002,4177.64,89449.17000000001
526,2019-05-09,5103.1,90809.73999999999,28302.21,38075.86,74620.221,186130.771,4292.95,88011.14
527,2019-05-10,5247.733333333334,91691.69000000002,28249.62,39862.090000000004,75401.801,187090.051,3474.58,83718.18999999999
528,2019-05-11,5290.0,88093.88,26850.7,43336.670000000006,74730.08,188221.411,0.0,82772.72
529,2019-05-12,4990.133333333333,88873.5,26850.7,43336.670000000006,74730.08,188221.411,1886.41,86337.41
530,2019-05-13,4903.033333333334,92898.18000000001,25308.260000000002,44257.08,74535.83,188049.441,3969.18,88635.78
531,2019-05-14,5166.5,92899.58,24951.96,48226.26,70569.87,186789.191,4780.65,88323.11
532,2019-05-15,5322.666666666667,93682.76,22581.41,49441.090000000004,71040.97,187892.441,3343.4900000000002,87119.29
533,2019-05-16,5243.033333333334,93835.01999999999,21747.26,50049.47,72032.31999999999,188021.571,4944.95,85945.43000000001
534,2019-05-17,5331.566666666667,92972.28,22399.260000000002,50648.880000000005,72443.65,190217.611,2520.42,81000.48
535,2019-05-18,5344.733333333334,88939.36,21445.1,48295.8,74964.06999999999,190270.211,0.0,81304.89000000001
536,2019-05-19,5067.5,86395.02,21445.1,48295.8,74964.06999999999,190270.211,3413.4,86232.3
537,2019-05-20,5342.466666666666,90659.44,22972.09,48280.350000000006,78377.47,192539.321,3861.35,86432.45000000003
538,2019-05-21,5594.833333333333,90072.97000000002,22864.26,47816.22,82238.81999999999,193827.291,4434.89,84685.69
539,2019-05-22,5842.1,89761.09,22518.5,45099.91,81756.9,194750.031,2967.75,84694.15000000002
540,2019-05-23,6057.466666666666,90219.35,22142.76,43890.020000000004,81965.87999999999,195622.291,2468.15,84279.20000000001
541,2019-05-24,5979.733333333334,88977.48000000001,19665.96,42065.22,81927.31,193307.831,3353.96,81811.05
542,2019-05-25,5956.766666666666,84223.97,20499.5,41944.6,85281.26999999999,193295.471,0.0,80068.97000000002
543,2019-05-26,5730.833333333333,84235.6,20499.5,41944.6,85281.26999999999,193295.471,1368.4,82948.14000000001
544,2019-05-27,5809.8,88723.82,18454.5,41426.590000000004,85683.67,191288.821,0.0,83830.33000000002
545,2019-05-28,5809.8,90875.28000000001,14593.150000000001,37457.41,85683.67,189073.761,3180.63,86955.12
546,2019-05-29,5927.0,95582.76000000001,13338.890000000001,35857.39,85298.48000000001,186334.691,3619.44,87662.9
547,2019-05-30,6092.133333333333,97030.36,13990.58,36133.340000000004,86182.81,186926.601,4142.05,86302.59000000001
548,2019-05-31,6094.7,96941.21,15664.48,35330.44,85979.31999999999,187664.46099999998,2153.28,82160.54
549,2019-06-01,6016.633333333333,92894.33,14463.800000000001,34963.3,83259.09999999999,186697.37099999998,0.0,81331.43
550,2019-06-02,5725.5,90861.91,14463.800000000001,34963.3,83259.09999999999,186697.37099999998,3346.33,86228.61000000002
551,2019-06-03,5688.666666666667,95527.84,16441.73,34896.23,83176.58,188404.97100000002,3016.73,88459.35000000003
552,2019-06-04,5901.3,93282.40000000002,19458.46,34051.61,81867.83,187793.091,4272.06,89100.56000000003
553,2019-06-05,5952.366666666667,91510.94000000002,20549.89,33888.78,78988.69,187019.34100000001,6168.05,89240.20000000003
554,2019-06-06,6028.266666666666,89351.01,23098.5,37089.08,80979.09999999999,189786.391,4292.43,87004.73000000001
555,2019-06-07,6016.833333333333,88448.38000000002,23248.879999999997,38913.36,80978.58,189357.921,2739.61,82712.3
556,2019-06-08,5886.766666666666,85681.14,23835.21,38299.01,80243.61,189133.041,0.0,81557.6
557,2019-06-09,5511.933333333333,83366.74,23835.21,38299.01,80243.61,189133.041,2529.11,84857.52
558,2019-06-10,5400.033333333334,86195.79000000001,23017.99,39459.72,80886.31,190285.681,3564.69,86280.32
559,2019-06-11,5638.8,85764.96999999999,23565.950000000004,43024.409999999996,80481.82,189743.751,4184.78,86024.05
560,2019-06-12,5742.4,85285.11,23478.670000000002,44028.56,79885.95000000001,191375.871,3656.51,85618.51000000002
561,2019-06-13,5737.2,84926.21,20967.130000000005,44065.63,80198.97,192333.271,3576.83,84556.39000000001
562,2019-06-14,5689.1,83505.75,20251.530000000002,43500.41,78830.85,192688.421,2169.63,80979.56000000001
563,2019-06-15,5631.0,79415.11,19681.550000000003,43516.76,78480.06000000001,191535.781,0.0,81496.44
564,2019-06-16,5280.633333333333,79033.18000000001,19681.550000000003,43516.76,78480.06000000001,191535.781,2824.83,86839.33
565,2019-06-17,5266.066666666667,82463.93999999999,19977.27,42995.26,77891.49,192316.961,4927.41,87638.35
566,2019-06-18,5539.433333333333,84238.59999999998,21339.989999999998,44905.94,78957.55,194625.68099999998,3613.55,87002.16000000002
567,2019-06-19,5475.2,83049.10999999999,20768.760000000002,44247.43,78136.21,195789.641,2114.59,86916.4
568,2019-06-20,5423.433333333333,84313.21999999997,19226.839999999997,40193.97,77283.05,195793.291,4443.35,87735.59999999999
569,2019-06-21,5485.233333333334,83537.73999999999,20093.36,40344.89,79258.25,196725.271,2552.8,83292.25
570,2019-06-22,5449.266666666666,79533.32999999999,20476.53,40158.08,78457.09000000001,195131.77,0.0,83194.04
571,2019-06-23,5269.433333333333,79028.68,20476.53,40158.08,78457.09000000001,195131.77,1611.88,87745.49999999999
572,2019-06-24,5155.2,82509.67,19263.58,39240.85,78700.57,194662.99,2879.17,88985.711
573,2019-06-25,5303.933333333333,81652.86,17215.340000000004,38555.33,81579.74,189607.02000000002,2250.59,88863.911
574,2019-06-26,5414.633333333333,80294.14000000001,15852.380000000001,36621.14000000001,80649.70000000001,187548.06000000003,3124.79,90084.61099999999
575,2019-06-27,5595.8,80773.33000000002,16862.58,36089.420000000006,80155.05,188320.71,3888.41,89395.841
576,2019-06-28,5677.7,77750.96,16307.64,36401.0,79901.41,187675.5,2259.13,85507.43100000001
577,2019-06-29,5680.733333333334,73395.02,16013.970000000001,36490.5,80007.26000000001,189934.63,0.0,85703.241
578,2019-06-30,5454.7,72924.98999999999,16013.970000000001,36490.5,80007.26000000001,189934.63,1324.17,88604.00099999999
579,2019-07-01,5395.1,75716.99,15726.26,34989.840000000004,77985.1,191258.80000000002,4897.18,90521.59099999999
580,2019-07-02,5673.6,77773.61,17744.27,34959.61,79865.55,196155.98,5577.07,89275.751
581,2019-07-03,5700.533333333334,76517.81999999999,21070.75,36923.13,81170.56,196816.24000000002,3657.94,87734.61099999998
582,2019-07-04,5741.6,76562.18,21603.899999999998,38466.48,78660.45000000001,197715.41,4411.7,87282.57099999997
583,2019-07-05,5758.9,73612.11,22127.19,38434.83,78779.72,199620.38999999998,3932.58,82870.87099999998
584,2019-07-06,5644.866666666667,70694.49,23800.64,39814.61,79972.69,203552.97,0.0,79975.17099999999
585,2019-07-07,5325.2,70414.89,23800.64,39814.61,79972.69,203552.97,1584.91,83539.131
586,2019-07-08,5249.866666666667,72142.7,24061.38,39787.64,79028.49,204171.88,3299.92,84583.41100000001
587,2019-07-09,5489.333333333333,75134.3,22464.12,40208.39,78763.72,207471.8,3951.91,84494.281
588,2019-07-10,5564.2,74876.62,20838.96,41909.71,78530.84999999999,207857.89,3308.42,85040.37100000001
589,2019-07-11,5569.5,76145.26,20489.440000000002,42093.34,78182.76000000001,208431.2,3779.2400000000002,84448.461
590,2019-07-12,5647.4,76480.9,19856.98,41984.17,78385.17,207864.9,2594.39,80669.22099999999
591,2019-07-13,5528.8,73187.72000000002,18518.79,42319.43,78809.93,205585.78999999998,0.0,79379.37099999998
592,2019-07-14,5264.433333333333,72674.05000000002,18518.79,42319.43,78809.93,205585.78999999998,2686.51,81498.44099999998
593,2019-07-15,5270.7,75139.64000000001,19620.39,43681.770000000004,78671.61,204843.45,5342.89,81173.591
594,2019-07-16,5572.033333333334,75529.49,21663.36,44127.48,79087.09000000001,205860.86000000002,3623.85,79631.191
595,2019-07-17,5695.133333333333,76061.06,21335.3,42174.26,79097.39,202333.50999999998,4291.22,79267.00100000002
596,2019-07-18,5688.466666666666,76379.65000000001,22318.1,42807.54,81274.02,202447.09,3527.79,76725.82100000001
597,2019-07-19,5761.666666666667,76323.72,22066.65,41923.630000000005,80358.46,201681.93,2933.79,73198.031
598,2019-07-20,5764.033333333334,72338.73999999999,22406.050000000003,40924.84,80739.45,201141.14,0.0,72814.881
599,2019-07-21,5454.966666666666,73170.31,22406.050000000003,40924.84,80739.45,201141.14,2454.59,75678.291
600,2019-07-22,5474.866666666667,75683.96,22174.129999999997,41794.52,81582.16,201709.32,4551.46,76551.391
601,2019-07-23,5748.3,75456.19,21382.7,43046.06,83254.45,202291.6,2852.091,76208.16100000001
602,2019-07-24,5877.5,75724.76,20610.941000000003,41946.241,83855.951,200363.04100000003,2757.37,76233.07999999999
603,2019-07-25,5945.733333333334,77569.84000000001,19077.091,41395.191,83488.531,199776.921,3471.29,75382.15
604,2019-07-26,6046.7,77199.84,19020.591,41087.241,83071.41100000001,198303.26100000003,2436.02,71910.86
605,2019-07-27,6082.466666666666,72676.68000000001,18522.821,40928.871,83248.30099999999,198218.861,0.0,71791.17000000001
606,2019-07-28,5806.5,72775.85999999999,18522.821,40928.871,83248.30099999999,198218.861,2454.94,71791.17
607,2019-07-29,5849.866666666667,72775.86,18523.171,40697.301,84379.071,197260.401,2900.76,78261.78000000001
608,2019-07-30,6043.433333333333,75368.08,16872.471,38255.170999999995,82382.651,196299.811,3241.76,78225.86
609,2019-07-31,6218.633333333333,75098.40000000001,17262.14,37873.081,80047.341,195106.681,3651.34,77798.37000000001
610,2019-08-01,6208.866666666667,75219.31,18156.11,37233.201,80040.741,195790.271,4035.93,80264.31999999999
611,2019-08-02,6245.5,74259.37,18720.75,37741.341,79664.971,197358.051,3205.9,76228.39
612,2019-08-03,6218.1,71403.12999999999,19490.63,38013.451,78938.291,197209.991,0.0,73022.48999999999
613,2019-08-04,5919.566666666667,71963.82999999999,19490.63,38013.451,78938.291,197209.991,1036.88,73022.49
614,2019-08-05,5779.866666666667,75909.38999999998,18072.570000000003,36595.741,78390.261,196878.47100000002,3563.96,71985.61
615,2019-08-06,6010.1,76572.59999999999,18735.77,35608.241,78654.30099999999,200442.431,2629.19,68421.65
616,2019-08-07,6118.7,77483.67,18123.2,35385.340000000004,77331.581,199890.991,3210.79,65792.46
617,2019-08-08,6077.633333333333,76639.16,17682.65,35838.76,77233.951,199482.34100000001,4498.0,62581.67
618,2019-08-09,6248.366666666667,76491.54,18144.72,36865.47,77952.71100000001,199838.29100000003,2716.51,58083.67
619,2019-08-10,6202.333333333333,72272.58999999998,17655.33,37145.96,78074.831,200401.521,0.0,55367.16
620,2019-08-11,5915.733333333334,71302.01,17655.33,37145.96000000001,78074.831,200401.521,1304.54,55367.15999999999
621,2019-08-12,5844.0,76038.06999999999,17922.989999999998,35995.560000000005,76692.86099999999,198359.731,2119.07,54062.619999999995
622,2019-08-13,6031.6,76550.13,16478.1,35213.87,73469.041,197462.07100000003,2361.66,51943.549999999996
623,2019-08-14,6052.333333333333,77094.15000000001,16210.570000000002,34333.770000000004,72206.85100000001,195551.671,3800.4900000000002,49581.89
624,2019-08-15,6029.766666666666,78507.481,16800.27,34482.92,71716.121,193184.111,3259.66,45781.399999999994
625,2019-08-16,6034.733333333334,77264.79099999998,15561.93,33706.65,71447.991,192151.34100000001,1750.04,42521.74
626,2019-08-17,5963.633333333333,73950.021,14595.46,32250.79,70264.241,191161.77099999998,0.0,40771.7
627,2019-08-18,5679.7,75084.001,14595.46,32250.79,70264.241,191161.77099999998,2550.64,40771.7
628,2019-08-19,5625.3,79365.23099999999,15841.56,33764.549999999996,70360.291,191183.301,2863.41,38221.06
629,2019-08-20,5902.4,81843.551,16585.899999999998,33064.0,68672.241,190482.021,3327.69,35357.65
630,2019-08-21,5975.533333333334,82782.531,17551.93,33762.5,69147.84,189624.931,4208.2300000000005,32029.960000000003
631,2019-08-22,6023.0,84766.14100000002,17959.67,34759.94,70598.7,190176.65099999998,2877.01,27821.730000000003
632,2019-08-23,6077.633333333333,84599.15100000003,17577.02,33138.95,70004.42,189476.831,1906.44,24944.719999999998
633,2019-08-24,6083.9,80414.44100000002,17733.42,32328.879999999997,69474.84000000001,189213.641,0.0,23038.28
634,2019-08-25,5793.266666666666,80923.89100000002,17733.42,32328.879999999997,69474.84000000001,189213.641,2316.33,23038.28
635,2019-08-26,5726.7,86369.03100000002,17499.11,33340.67,69336.23,188705.14099999997,0.0,20721.95
636,2019-08-27,5726.7,91602.54100000001,14635.7,31221.600000000002,66435.47,183777.731,8925.55,20721.95
637,2019-08-28,5760.7,96022.97100000002,20233.56,37785.490000000005,72119.26,189089.731,2864.84,11796.400000000001
638,2019-08-29,5758.066666666667,96618.09100000001,18890.17,36849.84,71332.76000000001,189839.981,2814.27,8931.56
639,2019-08-30,5778.4,97989.891,18827.43,36404.45,70111.09999999999,188210.90099999998,6117.29,6117.29
